Step,MNB_F1,CNB_F1,LinearSVC_F1
1. Raw Text (Baseline),0.6293580472818586,0.6486947919461229,0.66763357280677
2. + DatasetCleaner,0.6281479664926118,0.6471691533870733,0.6669494998782145
3. + Deduplicator,0.632680180398515,0.6512208339667604,0.6748385811862069
4. + FeatureExtractor (Tokens),0.6591379748762983,0.6765970020412695,0.7144008764021507
6. + Source (OHE),0.6892020864911109,0.699513362641269,0.7189318413912927
7. + PageRank (OHE),0.6861788506176781,0.6995391525106788,0.7243272030943722
8. + Time (Full Pipeline),0.6840605486348948,0.6995809015122932,0.7242603696423652
