{
  "model": "lr",
  "best_params": {
    "clf__C": 1.0,
    "clf__max_iter": 2500
  },
  "best_score": 0.720632708053126,
  "cv_results": {
    "mean_test_score": [
      0.6843381832439576,
      0.720632708053126,
      0.7071551055819122
    ],
    "std_test_score": [
      0.002210533016119587,
      0.0002813008355936449,
      0.00016835305152936527
    ],
    "params": [
      "{'clf__C': 0.1, 'clf__max_iter': 2500}",
      "{'clf__C': 1.0, 'clf__max_iter': 2500}",
      "{'clf__C': 10.0, 'clf__max_iter': 2500}"
    ]
  }
}