{
  "mean_f1": 0.757736683294637,
  "std_f1": 0.028542482938372752,
  "fold_scores": [
    0.7022777892827813,
    0.7640501676237312,
    0.7660099432048703,
    0.7833739363641732,
    0.7729715799976284
  ],
  "timestamp": "2026-01-28T05:21:04.746400",
  "n_folds": 5,
  "voting_strategy": "hierarchical"
}