{
  "detailed_metrics": {
    "LinearSVC": {
      "mean": 0.7304443913946941,
      "std": 0.0018905274755552461,
      "fold_scores": [
        0.7309494621798212,
        0.7286972571038174,
        0.7336317011247413,
        0.7283510628799138,
        0.7305924736851764
      ]
    },
    "LogisticRegression": {
      "mean": 0.7245900325472888,
      "std": 0.0024826410863990037,
      "fold_scores": [
        0.7242391847907987,
        0.7215911202690787,
        0.7260849479099402,
        0.7225386993966593,
        0.7284962103699674
      ]
    },
    "WeakConsensus": {
      "mean": 0.7197554169910008,
      "std": 0.0027138665424471507,
      "fold_scores": [
        0.7204408826018377,
        0.7171442463913341,
        0.7229916526922336,
        0.7160830904687919,
        0.7221172128008061
      ]
    },
    "HistGradientBoosting": {
      "mean": 0.7039767492906279,
      "std": 0.0026941371648207778,
      "fold_scores": [
        0.7006231260874551,
        0.7018861046672878,
        0.706620492812634,
        0.7075864733439069,
        0.7031675495418555
      ]
    },
    "MultinomialNB": {
      "mean": 0.7071224282402069,
      "std": 0.0036814016448411544,
      "fold_scores": [
        0.709534133597174,
        0.7026598126027571,
        0.7092351296394895,
        0.7027575441584958,
        0.711425521203118
      ]
    },
    "ComplementNB": {
      "mean": 0.6944038588112237,
      "std": 0.0038160769389281282,
      "fold_scores": [
        0.6987372491775782,
        0.6894170321023321,
        0.6980397346557962,
        0.6905148862082038,
        0.6953103919122088
      ]
    },
    "Ensemble": {
      "mean": 0.7322028776566599,
      "std": 0.0017148029439268669,
      "fold_scores": [
        0.7321128862113969,
        0.7318726146728043,
        0.7333828038923096,
        0.7292828845697359,
        0.7343631989370525
      ]
    }
  },
  "mean_f1": 0.7322028776566599,
  "timestamp": "2026-01-30T01:57:48.577002",
  "n_folds": 5,
  "voting_strategy": "hierarchical"
}